{
    "General": {
        "Lorenz": {
            "MSE_Base": 2.6033912508462453,
            "MSE_HT": 2.6033912508462453,
            "MSE_JIT": 2.6033912508462453,
            "Lat_Base": 0.3853000002891349,
            "Lat_HT": 0.36200000022290624,
            "Lat_JIT": 0.34159999995608814
        },
        "Multi_Seasonal": {
            "MSE_Base": 0.021021648697143014,
            "MSE_HT": 0.021021648697143014,
            "MSE_JIT": 0.021021648697143014,
            "Lat_Base": 0.3507000001263805,
            "Lat_HT": 0.33690000009301,
            "Lat_JIT": 0.32439999995403923
        },
        "Mackey-Glass": {
            "MSE_Base": 0.004517481760622874,
            "MSE_HT": 2708731459544.9326,
            "MSE_JIT": 0.004517481760622874,
            "Lat_Base": 236.59149999957663,
            "Lat_HT": 606.589399999848,
            "Lat_JIT": 247.31810000002952
        }
    },
    "Adversarial": {
        "White_Noise": {
            "MSE_Base": 0.6942886729150982,
            "MSE_HT": 0.6942886729150982,
            "MSE_JIT": 0.6942886729150982,
            "Lat_Base": 0.4054000000905944,
            "Lat_HT": 0.37579999980152934,
            "Lat_JIT": 0.382400000034977
        },
        "Structural_Break": {
            "MSE_Base": 0.937763350595485,
            "MSE_HT": 2697903903801.8667,
            "MSE_JIT": 0.937763350595485,
            "Lat_Base": 244.3383999998332,
            "Lat_HT": 574.5566000000508,
            "Lat_JIT": 246.4285999999447
        }
    },
    "External": {
        "ETTh1": {
            "MSE_Base": 0.10723007816903142,
            "MSE_HT": 0.10723007816903142,
            "MSE_JIT": 0.10723007816903142,
            "Lat_Base": 0.252700000146433,
            "Lat_HT": 0.22919999992154771,
            "Lat_JIT": 0.24350000012418604
        }
    }
}